timestamp,workingday,holiday,user_type,value
2011-01-01,0,0,casual,331
2011-01-01,0,0,casual,131
2011-01-01,1,0,casual,120
2011-01-01,1,0,casual,108
2011-01-01,1,0,casual,82
2011-01-01,1,0,casual,88
2011-01-01,1,0,casual,148
2011-01-01,0,0,casual,68
2011-01-01,0,0,casual,54
2011-01-01,1,0,casual,41
2011-01-01,1,0,casual,43
2011-01-01,1,0,casual,25
2011-01-01,1,0,casual,38
2011-01-01,1,0,casual,54
2011-01-01,0,0,casual,222
2011-01-01,0,0,casual,251
2011-01-01,0,1,casual,117
2011-01-01,1,0,casual,9
2011-01-01,1,0,casual,78
2011-01-01,1,0,casual,83
2011-01-01,1,0,casual,75
2011-01-01,0,0,casual,93
2011-01-01,0,0,casual,150
2011-01-01,1,0,casual,86
2011-01-02,1,0,casual,186
2011-01-02,1,0,casual,34
2011-01-02,1,0,casual,15
2011-01-02,1,0,casual,38
2011-01-02,0,0,casual,123
2011-01-02,0,0,casual,140
2011-01-02,1,0,casual,42
2011-01-02,1,0,casual,47
2011-01-02,1,0,casual,72
2011-01-02,1,0,casual,61
2011-01-02,1,0,casual,88
2011-01-02,0,0,casual,100
2011-01-02,0,0,casual,354
2011-01-02,1,0,casual,120
2011-01-02,1,0,casual,64
2011-01-02,1,0,casual,53
2011-01-02,1,0,casual,47
2011-01-02,1,0,casual,149
2011-01-02,0,0,casual,288
2011-01-02,0,0,casual,397
2011-01-02,1,0,casual,208
2011-01-02,1,0,casual,140
2011-01-02,1,0,casual,218
2011-01-03,1,0,casual,259
2011-01-03,1,0,casual,579
2011-01-03,0,0,casual,532
2011-01-03,0,0,casual,639
2011-01-03,0,1,casual,195
2011-01-03,1,0,casual,74
2011-01-03,1,0,casual,139
2011-01-03,1,0,casual,100
2011-01-03,1,0,casual,120
2011-01-03,0,0,casual,424
2011-01-03,0,0,casual,694
2011-01-03,1,0,casual,81
2011-01-03,1,0,casual,137
2011-01-03,1,0,casual,231
2011-01-03,1,0,casual,123
2011-01-03,1,0,casual,214
2011-01-03,0,0,casual,640
2011-01-03,0,0,casual,114
2011-01-03,1,0,casual,244
2011-01-03,1,0,casual,316
2011-01-03,1,0,casual,191
2011-01-03,1,0,casual,46
2011-01-04,1,0,casual,247
2011-01-04,0,0,casual,724
2011-01-04,0,0,casual,982
2011-01-04,1,0,casual,359
2011-01-04,1,0,casual,289
2011-01-04,1,0,casual,321
2011-01-04,1,0,casual,424
2011-01-04,1,0,casual,884
2011-01-04,0,0,casual,1424
2011-01-04,0,0,casual,1047
2011-01-04,1,0,casual,401
2011-01-04,1,0,casual,460
2011-01-04,1,0,casual,203
2011-01-04,1,0,casual,166
2011-01-04,1,0,casual,300
2011-01-04,0,0,casual,981
2011-01-04,0,0,casual,472
2011-01-04,1,0,casual,222
2011-01-04,1,0,casual,317
2011-01-04,1,0,casual,168
2011-01-04,1,0,casual,179
2011-01-04,1,0,casual,307
2011-01-04,0,0,casual,898
2011-01-05,0,0,casual,1651
2011-01-05,1,0,casual,734
2011-01-05,1,0,casual,167
2011-01-05,1,0,casual,413
2011-01-05,1,0,casual,571
2011-01-05,1,0,casual,172
2011-01-05,0,0,casual,879
2011-01-05,0,0,casual,1188
2011-01-05,1,0,casual,855
2011-01-05,1,0,casual,257
2011-01-05,1,0,casual,209
2011-01-05,1,0,casual,529
2011-01-05,0,1,casual,642
2011-01-05,0,0,casual,121
2011-01-05,0,0,casual,1558
2011-01-05,1,0,casual,669
2011-01-05,1,0,casual,409
2011-01-05,1,0,casual,613
2011-01-05,1,0,casual,745
2011-01-05,1,0,casual,177
2011-01-05,0,0,casual,1462
2011-01-05,0,0,casual,1710
2011-01-05,1,0,casual,773
2011-01-06,1,0,casual,678
2011-01-06,1,0,casual,547
2011-01-06,1,0,casual,569
2011-01-06,1,0,casual,878
2011-01-06,0,0,casual,1965
2011-01-06,0,0,casual,1138
2011-01-06,1,0,casual,847
2011-01-06,1,0,casual,603
2011-01-06,1,0,casual,255
2011-01-06,1,0,casual,614
2011-01-06,1,0,casual,894
2011-01-06,0,0,casual,1612
2011-01-06,0,0,casual,1401
2011-01-06,1,0,casual,664
2011-01-06,1,0,casual,694
2011-01-06,1,0,casual,550
2011-01-06,1,0,casual,695
2011-01-06,1,0,casual,692
2011-01-06,0,0,casual,902
2011-01-06,0,0,casual,1582
2011-01-06,1,0,casual,773
2011-01-06,1,0,casual,678
2011-01-06,1,0,casual,536
2011-01-07,1,0,casual,735
2011-01-07,1,0,casual,909
2011-01-07,0,0,casual,2258
2011-01-07,0,0,casual,1576
2011-01-07,1,0,casual,836
2011-01-07,1,0,casual,659
2011-01-07,1,0,casual,740
2011-01-07,1,0,casual,758
2011-01-07,1,0,casual,871
2011-01-07,0,0,casual,2001
2011-01-07,0,0,casual,2355
2011-01-07,0,1,casual,1549
2011-01-07,1,0,casual,673
2011-01-07,1,0,casual,513
2011-01-07,1,0,casual,736
2011-01-07,1,0,casual,898
2011-01-07,0,0,casual,1869
2011-01-07,0,0,casual,1685
2011-01-07,1,0,casual,673
2011-01-07,1,0,casual,763
2011-01-07,1,0,casual,676
2011-01-07,1,0,casual,563
2011-01-07,1,0,casual,815
2011-01-08,0,0,casual,1729
2011-01-08,0,0,casual,1467
2011-01-08,1,0,casual,863
2011-01-08,1,0,casual,727
2011-01-08,1,0,casual,769
2011-01-08,1,0,casual,545
2011-01-08,1,0,casual,863
2011-01-08,0,0,casual,1807
2011-01-08,0,0,casual,1639
2011-01-08,1,0,casual,699
2011-01-08,1,0,casual,774
2011-01-08,1,0,casual,661
2011-01-08,1,0,casual,746
2011-01-08,1,0,casual,969
2011-01-08,0,0,casual,1782
2011-01-08,0,0,casual,1920
2011-01-08,1,0,casual,854
2011-01-08,1,0,casual,732
2011-01-08,1,0,casual,848
2011-01-08,1,0,casual,1027
2011-01-08,1,0,casual,1246
2011-01-08,0,0,casual,2204
2011-01-08,0,0,casual,2282
2011-01-08,0,1,casual,3065
2011-01-09,1,0,casual,1031
2011-01-09,1,0,casual,784
2011-01-09,1,0,casual,754
2011-01-09,1,0,casual,692
2011-01-09,0,0,casual,1988
2011-01-09,0,0,casual,1743
2011-01-09,1,0,casual,723
2011-01-09,1,0,casual,662
2011-01-09,1,0,casual,748
2011-01-09,1,0,casual,888
2011-01-09,1,0,casual,1318
2011-01-09,0,0,casual,2418
2011-01-09,0,0,casual,2006
2011-01-09,1,0,casual,841
2011-01-09,1,0,casual,752
2011-01-09,1,0,casual,644
2011-01-09,1,0,casual,632
2011-01-09,1,0,casual,562
2011-01-09,0,0,casual,987
2011-01-09,0,0,casual,1050
2011-01-09,1,0,casual,568
2011-01-09,1,0,casual,750
2011-01-09,1,0,casual,755
2011-01-09,1,0,casual,606
2011-01-10,1,0,casual,670
2011-01-10,0,0,casual,1559
2011-01-10,0,0,casual,1524
2011-01-10,1,0,casual,729
2011-01-10,1,0,casual,801
2011-01-10,1,0,casual,467
2011-01-10,1,0,casual,799
2011-01-10,1,0,casual,1023
2011-01-10,0,0,casual,1521
2011-01-10,0,0,casual,1298
2011-01-10,1,0,casual,846
2011-01-10,1,0,casual,907
2011-01-10,1,0,casual,884
2011-01-10,1,0,casual,812
2011-01-10,1,0,casual,1051
2011-01-10,0,0,casual,1504
2011-01-10,0,0,casual,1338
2011-01-10,1,0,casual,775
2011-01-10,1,0,casual,721
2011-01-10,1,0,casual,668
2011-01-10,1,0,casual,639
2011-01-10,1,0,casual,797
2011-01-10,0,0,casual,1914
2011-01-10,0,0,casual,1249
2011-01-11,1,0,casual,833
2011-01-11,1,0,casual,1281
2011-01-11,1,0,casual,949
2011-01-11,1,0,casual,435
2011-01-11,1,0,casual,768
2011-01-11,0,0,casual,226
2011-01-11,0,0,casual,1415
2011-01-11,1,0,casual,729
2011-01-11,1,0,casual,775
2011-01-11,1,0,casual,688
2011-01-11,1,0,casual,783
2011-01-11,1,0,casual,875
2011-01-11,0,0,casual,1935
2011-01-11,0,0,casual,2521
2011-01-11,0,1,casual,1236
2011-01-11,1,0,casual,204
2011-01-11,1,0,casual,118
2011-01-11,1,0,casual,153
2011-01-11,1,0,casual,417
2011-01-11,0,0,casual,1750
2011-01-11,0,0,casual,1633
2011-01-11,1,0,casual,690
2011-01-12,1,0,casual,701
2011-01-12,1,0,casual,647
2011-01-12,1,0,casual,428
2011-01-12,1,0,casual,742
2011-01-12,0,0,casual,1434
2011-01-12,0,0,casual,1353
2011-01-12,1,0,casual,691
2011-01-12,1,0,casual,438
2011-01-12,1,0,casual,539
2011-01-12,1,0,casual,555
2011-01-12,1,0,casual,258
2011-01-12,0,0,casual,1776
2011-01-12,0,0,casual,1544
2011-01-12,1,0,casual,684
2011-01-12,1,0,casual,477
2011-01-12,1,0,casual,480
2011-01-12,1,0,casual,653
2011-01-12,1,0,casual,830
2011-01-12,0,0,casual,480
2011-01-12,0,0,casual,616
2011-01-12,1,0,casual,330
2011-01-12,1,0,casual,486
2011-01-13,1,0,casual,559
2011-01-13,1,0,casual,639
2011-01-13,1,0,casual,949
2011-01-13,0,0,casual,2235
2011-01-13,0,0,casual,2397
2011-01-13,0,1,casual,1514
2011-01-13,1,0,casual,667
2011-01-13,1,0,casual,217
2011-01-13,1,0,casual,290
2011-01-13,1,0,casual,529
2011-01-13,0,0,casual,1899
2011-01-13,0,0,casual,1748
2011-01-13,1,0,casual,713
2011-01-13,1,0,casual,637
2011-01-13,1,0,casual,254
2011-01-13,1,0,casual,471
2011-01-13,1,0,casual,676
2011-01-13,0,0,casual,1499
2011-01-13,0,0,casual,1619
2011-01-13,1,0,casual,699
2011-01-13,1,0,casual,695
2011-01-13,1,0,casual,404
2011-01-13,1,0,casual,240
2011-01-13,1,0,casual,456
2011-01-14,0,0,casual,57
2011-01-14,0,0,casual,885
2011-01-14,1,0,casual,362
2011-01-14,1,0,casual,410
2011-01-14,1,0,casual,370
2011-01-14,1,0,casual,318
2011-01-14,1,0,casual,470
2011-01-14,0,0,casual,1156
2011-01-14,0,0,casual,952
2011-01-14,1,0,casual,373
2011-01-14,1,0,casual,376
2011-01-14,1,0,casual,305
2011-01-14,1,0,casual,190
2011-01-14,0,1,casual,440
2011-01-14,0,0,casual,1275
2011-01-14,0,0,casual,1004
2011-01-14,1,0,casual,595
2011-01-14,1,0,casual,449
2011-01-14,1,0,casual,145
2011-01-14,1,0,casual,139
2011-01-14,1,0,casual,245
2011-01-14,0,0,casual,943
2011-01-14,0,0,casual,787
2011-01-15,1,0,casual,220
2011-01-15,1,0,casual,69
2011-01-15,1,0,casual,112
2011-01-15,0,1,casual,560
2011-01-15,1,0,casual,1095
2011-01-15,0,0,casual,1249
2011-01-15,0,0,casual,810
2011-01-15,1,0,casual,253
2011-01-15,1,0,casual,96
2011-01-15,1,0,casual,188
2011-01-15,1,0,casual,182
2011-01-15,1,0,casual,268
2011-01-15,0,0,casual,706
2011-01-15,0,0,casual,634
2011-01-15,1,0,casual,233
2011-01-15,1,0,casual,126
2011-01-15,1,0,casual,50
2011-01-15,1,0,casual,150
2011-01-15,1,0,casual,261
2011-01-15,0,0,casual,502
2011-01-15,0,0,casual,377
2011-01-15,1,0,casual,143
2011-01-15,1,0,casual,155
2011-01-15,1,0,casual,178
2011-01-16,1,0,casual,181
2011-01-16,1,0,casual,178
2011-01-16,0,0,casual,275
2011-01-16,0,0,casual,220
2011-01-16,1,0,casual,260
2011-01-16,1,0,casual,216
2011-01-16,1,0,casual,107
2011-01-16,1,0,casual,227
2011-01-16,1,0,casual,163
2011-01-16,0,0,casual,155
2011-01-16,0,0,casual,303
2011-01-16,0,1,casual,430
2011-01-16,1,0,casual,103
2011-01-16,1,0,casual,255
2011-01-16,1,0,casual,254
2011-01-16,1,0,casual,491
2011-01-16,0,0,casual,665
2011-01-16,0,0,casual,686
2011-01-16,0,1,casual,244
2011-01-16,1,0,casual,89
2011-01-16,1,0,casual,95
2011-01-16,1,0,casual,140
2011-01-16,1,0,casual,307
2011-01-16,0,0,casual,1070
2011-01-17,0,0,casual,599
2011-01-17,1,0,casual,106
2011-01-17,1,0,casual,173
2011-01-17,1,0,casual,92
2011-01-17,1,0,casual,269
2011-01-17,1,0,casual,174
2011-01-17,0,0,casual,333
2011-01-17,0,0,casual,284
2011-01-17,0,1,casual,217
2011-01-17,1,0,casual,127
2011-01-17,1,0,casual,109
2011-01-17,1,0,casual,130
2011-01-17,1,0,casual,115
2011-01-17,0,0,casual,67
2011-01-17,0,0,casual,196
2011-01-17,1,0,casual,145
2011-01-17,1,0,casual,439
2011-01-17,1,0,casual,467
2011-01-17,1,0,casual,244
2011-01-17,1,0,casual,269
2011-01-17,0,0,casual,775
2011-01-17,0,0,casual,558
2011-01-17,1,0,casual,126
2011-01-17,1,0,casual,324
2011-01-18,1,0,casual,304
2011-01-18,1,0,casual,190
2011-01-18,1,0,casual,310
2011-01-18,0,0,casual,384
2011-01-18,0,0,casual,318
2011-01-18,1,0,casual,206
2011-01-18,1,0,casual,199
2011-01-18,1,0,casual,109
2011-01-18,1,0,casual,163
2011-01-18,1,0,casual,227
2011-01-18,0,0,casual,192
2011-01-18,0,0,casual,73
2011-01-19,1,0,casual,94
2011-01-19,1,0,casual,135
2011-01-19,1,0,casual,141
2011-01-19,1,0,casual,74
2011-01-19,1,0,casual,349
2011-01-19,0,0,casual,1435
2011-01-19,0,0,casual,618
2011-01-19,0,1,casual,502
2011-01-19,1,0,casual,163
2011-01-19,1,0,casual,394
2011-01-19,1,0,casual,516
2011-01-19,1,0,casual,246
2011-01-19,0,0,casual,317
2011-01-19,0,0,casual,515
2011-01-19,1,0,casual,253
2011-01-19,1,0,casual,229
2011-01-19,1,0,casual,65
2011-01-19,1,0,casual,325
2011-01-19,1,0,casual,246
2011-01-19,0,0,casual,956
2011-01-19,0,0,casual,710
2011-01-19,1,0,casual,203
2011-01-19,1,0,casual,221
2011-01-20,1,0,casual,432
2011-01-20,1,0,casual,486
2011-01-20,1,0,casual,447
2011-01-20,0,0,casual,968
2011-01-20,0,0,casual,1658
2011-01-20,1,0,casual,838
2011-01-20,1,0,casual,762
2011-01-20,1,0,casual,997
2011-01-20,1,0,casual,1005
2011-01-20,1,0,casual,548
2011-01-20,0,0,casual,3155
2011-01-20,0,0,casual,2207
2011-01-20,1,0,casual,982
2011-01-20,1,0,casual,1051
2011-01-20,1,0,casual,1122
2011-01-20,1,0,casual,1334
2011-01-20,1,0,casual,2469
2011-01-20,0,0,casual,1033
2011-01-20,0,0,casual,1532
2011-01-20,1,0,casual,795
2011-01-20,1,0,casual,531
2011-01-20,1,0,casual,674
2011-01-20,1,0,casual,834
2011-01-20,1,0,casual,796
2011-01-21,0,0,casual,2301
2011-01-21,0,0,casual,2347
2011-01-21,1,0,casual,1208
2011-01-21,1,0,casual,1348
2011-01-21,1,0,casual,1058
2011-01-21,1,0,casual,1192
2011-01-21,1,0,casual,1807
2011-01-21,0,0,casual,3252
2011-01-21,0,0,casual,2230
2011-01-21,1,0,casual,905
2011-01-21,1,0,casual,819
2011-01-21,1,0,casual,482
2011-01-21,1,0,casual,663
2011-01-21,1,0,casual,1252
2011-01-21,0,0,casual,2795
2011-01-21,0,0,casual,2846
2011-01-21,0,1,casual,1198
2011-01-21,1,0,casual,989
2011-01-21,1,0,casual,347
2011-01-21,1,0,casual,846
2011-01-21,1,0,casual,1340
2011-01-21,0,0,casual,2541
2011-01-21,0,0,casual,120
2011-01-21,1,0,casual,195
2011-01-22,1,0,casual,518
2011-01-22,1,0,casual,655
2011-01-22,1,0,casual,475
2011-01-22,1,0,casual,1014
2011-01-22,0,0,casual,1120
2011-01-22,0,0,casual,2229
2011-01-22,1,0,casual,665
2011-01-22,1,0,casual,653
2011-01-22,1,0,casual,667
2011-01-22,1,0,casual,764
2011-01-22,1,0,casual,1069
2011-01-22,0,0,casual,2496
2011-01-22,0,0,casual,2135
2011-01-22,1,0,casual,1008
2011-01-22,1,0,casual,738
2011-01-22,1,0,casual,620
2011-01-22,1,0,casual,1026
2011-01-22,1,0,casual,1319
2011-01-22,0,0,casual,2622
2011-01-22,0,0,casual,2172
2011-01-22,1,0,casual,342
2011-01-22,1,0,casual,625
2011-01-22,1,0,casual,991
2011-01-23,1,0,casual,1242
2011-01-23,1,0,casual,1521
2011-01-23,0,0,casual,3410
2011-01-23,0,0,casual,2704
2011-01-23,1,0,casual,630
2011-01-23,1,0,casual,819
2011-01-23,1,0,casual,766
2011-01-23,1,0,casual,1059
2011-01-23,1,0,casual,1417
2011-01-23,0,0,casual,2855
2011-01-23,0,0,casual,3283
2011-01-23,0,1,casual,2557
2011-01-23,1,0,casual,880
2011-01-23,1,0,casual,745
2011-01-23,1,0,casual,1100
2011-01-23,1,0,casual,533
2011-01-23,0,0,casual,2795
2011-01-23,0,0,casual,2494
2011-01-23,1,0,casual,1071
2011-01-23,1,0,casual,968
2011-01-23,1,0,casual,1027
2011-01-23,1,0,casual,1038
2011-01-23,1,0,casual,1488
2011-01-24,0,0,casual,2708
2011-01-24,0,0,casual,2224
2011-01-24,1,0,casual,1017
2011-01-24,1,0,casual,477
2011-01-24,1,0,casual,1173
2011-01-24,1,0,casual,1180
2011-01-24,1,0,casual,1563
2011-01-24,0,0,casual,2963
2011-01-24,0,0,casual,2634
2011-01-24,1,0,casual,653
2011-01-24,1,0,casual,968
2011-01-24,1,0,casual,872
2011-01-24,1,0,casual,778
2011-01-24,1,0,casual,964
2011-01-24,0,0,casual,2657
2011-01-24,0,0,casual,2551
2011-01-24,1,0,casual,1139
2011-01-24,1,0,casual,1077
2011-01-24,1,0,casual,1077
2011-01-24,1,0,casual,921
2011-01-24,1,0,casual,829
2011-01-24,0,0,casual,1455
2011-01-24,0,0,casual,1421
2011-01-25,1,0,casual,904
2011-01-25,1,0,casual,1052
2011-01-25,0,1,casual,2562
2011-01-25,1,0,casual,1405
2011-01-25,1,0,casual,1366
2011-01-25,0,0,casual,1448
2011-01-25,0,0,casual,1203
2011-01-25,1,0,casual,998
2011-01-25,1,0,casual,954
2011-01-25,1,0,casual,975
2011-01-25,1,0,casual,1032
2011-01-25,1,0,casual,1511
2011-01-25,0,0,casual,2355
2011-01-25,0,0,casual,1920
2011-01-25,1,0,casual,1088
2011-01-25,1,0,casual,921
2011-01-25,1,0,casual,799
2011-01-25,1,0,casual,888
2011-01-25,1,0,casual,747
2011-01-25,0,0,casual,1264
2011-01-25,0,0,casual,2544
2011-01-25,1,0,casual,1135
2011-01-25,1,0,casual,1140
2011-01-26,1,0,casual,1383
2011-01-26,1,0,casual,1036
2011-01-26,1,0,casual,1259
2011-01-26,0,0,casual,2234
2011-01-26,0,0,casual,2153
2011-01-26,1,0,casual,1040
2011-01-26,1,0,casual,968
2011-01-26,1,0,casual,1074
2011-01-26,1,0,casual,983
2011-01-26,1,0,casual,1328
2011-01-26,0,0,casual,2345
2011-01-26,0,0,casual,1707
2011-01-26,1,0,casual,1233
2011-01-26,1,0,casual,1278
2011-01-26,1,0,casual,1263
2011-01-26,1,0,casual,1196
2011-01-27,1,0,casual,1065
2011-01-27,0,0,casual,2247
2011-01-27,0,0,casual,2182
2011-01-27,1,0,casual,1207
2011-01-27,1,0,casual,1128
2011-01-27,1,0,casual,1198
2011-01-27,1,0,casual,1338
2011-01-27,1,0,casual,1483
2011-01-28,0,0,casual,2827
2011-01-28,0,0,casual,1208
2011-01-28,1,0,casual,1026
2011-01-28,1,0,casual,1081
2011-01-28,1,0,casual,1094
2011-01-28,1,0,casual,1363
2011-01-28,1,0,casual,1325
2011-01-28,0,0,casual,1829
2011-01-28,0,0,casual,1483
2011-01-28,1,0,casual,989
2011-01-28,1,0,casual,935
2011-01-28,1,0,casual,1177
2011-01-28,1,0,casual,1172
2011-01-28,1,0,casual,1433
2011-01-28,0,0,casual,2352
2011-01-28,0,0,casual,2613
2011-01-28,0,1,casual,1965
2011-01-28,1,0,casual,867
2011-01-28,1,0,casual,832
2011-01-28,1,0,casual,611
2011-01-28,1,0,casual,1045
2011-01-28,0,0,casual,1557
2011-01-28,0,0,casual,2570
2011-01-29,1,0,casual,1118
2011-01-29,1,0,casual,1070
2011-01-29,1,0,casual,1050
2011-01-29,1,0,casual,1054
2011-01-29,1,0,casual,1379
2011-01-29,0,0,casual,3160
2011-01-29,0,0,casual,2166
2011-01-29,1,0,casual,1022
2011-01-29,1,0,casual,371
2011-01-29,1,0,casual,788
2011-01-29,1,0,casual,939
2011-01-29,1,0,casual,1250
2011-01-29,0,0,casual,2512
2011-01-29,0,0,casual,2454
2011-01-29,1,0,casual,1001
2011-01-29,1,0,casual,845
2011-01-29,1,0,casual,787
2011-01-29,1,0,casual,751
2011-01-29,1,0,casual,1045
2011-01-29,0,0,casual,2589
2011-01-29,0,0,casual,2015
2011-01-29,1,0,casual,763
2011-01-29,1,0,casual,315
2011-01-30,1,0,casual,728
2011-01-30,1,0,casual,891
2011-01-30,1,0,casual,1516
2011-01-30,0,0,casual,3031
2011-01-30,0,0,casual,781
2011-01-30,0,1,casual,874
2011-01-30,1,0,casual,601
2011-01-30,1,0,casual,780
2011-01-30,1,0,casual,834
2011-01-30,1,0,casual,1060
2011-01-30,0,0,casual,2252
2011-01-30,0,0,casual,2080
2011-01-30,1,0,casual,760
2011-01-30,1,0,casual,922
2011-01-30,1,0,casual,979
2011-01-30,1,0,casual,1008
2011-01-30,1,0,casual,753
2011-01-30,0,0,casual,2806
2011-01-30,0,0,casual,2132
2011-01-30,1,0,casual,830
2011-01-30,1,0,casual,841
2011-01-30,1,0,casual,795
2011-01-30,1,0,casual,875
2011-01-31,1,0,casual,1182
2011-01-31,0,0,casual,2643
2011-01-31,0,0,casual,998
2011-01-31,1,0,casual,2
2011-01-31,1,0,casual,87
2011-01-31,1,0,casual,419
2011-01-31,1,0,casual,466
2011-01-31,1,0,casual,618
2011-01-31,0,0,casual,1029
2011-01-31,0,0,casual,1201
2011-01-31,1,0,casual,378
2011-01-31,1,0,casual,466
2011-01-31,1,0,casual,326
2011-01-31,1,0,casual,340
2011-01-31,1,0,casual,709
2011-01-31,0,0,casual,2090
2011-01-31,0,0,casual,2290
2011-01-31,0,1,casual,1097
2011-01-31,1,0,casual,327
2011-01-31,1,0,casual,373
2011-01-31,1,0,casual,320
2011-01-31,1,0,casual,484
2011-01-31,0,0,casual,1313
2011-01-31,0,0,casual,922
2011-02-01,1,0,casual,449
2011-02-01,1,0,casual,534
2011-02-01,1,0,casual,615
2011-02-01,0,1,casual,955
2011-02-01,1,0,casual,1603
2011-02-01,0,0,casual,532
2011-02-01,0,0,casual,309
2011-02-01,1,0,casual,337
2011-02-01,1,0,casual,123
2011-02-01,1,0,casual,198
2011-02-01,1,0,casual,243
2011-02-01,1,0,casual,362
2011-02-01,0,0,casual,951
2011-02-01,0,0,casual,892
2011-02-01,1,0,casual,555
2011-02-01,1,0,casual,551
2011-02-01,1,0,casual,331
2011-02-01,1,0,casual,340
2011-02-01,1,0,casual,349
2011-02-01,0,0,casual,1153
2011-02-01,0,0,casual,441
2011-02-01,1,0,casual,329
2011-02-01,1,0,casual,282
2011-02-02,1,0,casual,310
2011-02-02,1,0,casual,425
2011-02-02,1,0,casual,429
2011-02-02,0,0,casual,767
2011-02-02,0,0,casual,538
2011-02-02,1,0,casual,212
2011-02-02,1,0,casual,433
2011-02-02,1,0,casual,333
2011-02-02,1,0,casual,314
2011-02-02,1,0,casual,221
2011-02-02,0,0,casual,205
2011-02-02,0,0,casual,408
2011-02-02,1,0,casual,174
2011-02-02,0,1,casual,440
2011-02-02,1,0,casual,9
2011-02-02,1,0,casual,247
2011-02-02,1,0,casual,644
2011-02-02,0,0,casual,159
2011-02-02,0,0,casual,364
2011-02-02,1,0,casual,439
2011-01-01,0,0,registered,654
2011-01-01,0,0,registered,670
2011-01-01,1,0,registered,1229
2011-01-01,1,0,registered,1454
2011-01-01,1,0,registered,1518
2011-01-01,1,0,registered,1518
2011-01-01,1,0,registered,1362
2011-01-01,0,0,registered,891
2011-01-01,0,0,registered,768
2011-01-01,1,0,registered,1280
2011-01-01,1,0,registered,1220
2011-01-01,1,0,registered,1137
2011-01-01,1,0,registered,1368
2011-01-01,1,0,registered,1367
2011-01-01,0,0,registered,1026
2011-01-01,0,0,registered,953
2011-01-01,0,1,registered,883
2011-01-01,1,0,registered,674
2011-01-01,1,0,registered,1572
2011-01-01,1,0,registered,1844
2011-01-01,1,0,registered,1468
2011-01-01,0,0,registered,888
2011-01-01,0,0,registered,836
2011-01-01,1,0,registered,1330
2011-01-02,1,0,registered,1799
2011-01-02,1,0,registered,472
2011-01-02,1,0,registered,416
2011-01-02,1,0,registered,1129
2011-01-02,0,0,registered,975
2011-01-02,0,0,registered,956
2011-01-02,1,0,registered,1459
2011-01-02,1,0,registered,1313
2011-01-02,1,0,registered,1454
2011-01-02,1,0,registered,1489
2011-01-02,1,0,registered,1620
2011-01-02,0,0,registered,905
2011-01-02,0,0,registered,1269
2011-01-02,1,0,registered,1592
2011-01-02,1,0,registered,1466
2011-01-02,1,0,registered,1552
2011-01-02,1,0,registered,1491
2011-01-02,1,0,registered,1597
2011-01-02,0,0,registered,1184
2011-01-02,0,0,registered,1192
2011-01-02,1,0,registered,1705
2011-01-02,1,0,registered,1675
2011-01-02,1,0,registered,1897
2011-01-03,1,0,registered,2216
2011-01-03,1,0,registered,2348
2011-01-03,0,0,registered,1103
2011-01-03,0,0,registered,1173
2011-01-03,0,1,registered,912
2011-01-03,1,0,registered,1376
2011-01-03,1,0,registered,1778
2011-01-03,1,0,registered,1707
2011-01-03,1,0,registered,1341
2011-01-03,0,0,registered,1545
2011-01-03,0,0,registered,1708
2011-01-03,1,0,registered,1365
2011-01-03,1,0,registered,1714
2011-01-03,1,0,registered,1903
2011-01-03,1,0,registered,1562
2011-01-03,1,0,registered,1730
2011-01-03,0,0,registered,1437
2011-01-03,0,0,registered,491
2011-01-03,1,0,registered,1628
2011-01-03,1,0,registered,1817
2011-01-03,1,0,registered,1700
2011-01-03,1,0,registered,577
2011-01-04,1,0,registered,1730
2011-01-04,0,0,registered,1408
2011-01-04,0,0,registered,1435
2011-01-04,1,0,registered,1687
2011-01-04,1,0,registered,1767
2011-01-04,1,0,registered,1871
2011-01-04,1,0,registered,2320
2011-01-04,1,0,registered,2355
2011-01-04,0,0,registered,1693
2011-01-04,0,0,registered,1424
2011-01-04,1,0,registered,1676
2011-01-04,1,0,registered,2243
2011-01-04,1,0,registered,1918
2011-01-04,1,0,registered,1699
2011-01-04,1,0,registered,1910
2011-01-04,0,0,registered,1515
2011-01-04,0,0,registered,1221
2011-01-04,1,0,registered,1806
2011-01-04,1,0,registered,2108
2011-01-04,1,0,registered,1368
2011-01-04,1,0,registered,1506
2011-01-04,1,0,registered,1920
2011-01-04,0,0,registered,1354
2011-01-05,0,0,registered,1598
2011-01-05,1,0,registered,2381
2011-01-05,1,0,registered,1628
2011-01-05,1,0,registered,2395
2011-01-05,1,0,registered,2570
2011-01-05,1,0,registered,1299
2011-01-05,0,0,registered,1576
2011-01-05,0,0,registered,1707
2011-01-05,1,0,registered,2493
2011-01-05,1,0,registered,1777
2011-01-05,1,0,registered,1953
2011-01-05,1,0,registered,2738
2011-01-05,0,1,registered,2484
2011-01-05,0,0,registered,674
2011-01-05,0,0,registered,2186
2011-01-05,1,0,registered,2760
2011-01-05,1,0,registered,2795
2011-01-05,1,0,registered,3331
2011-01-05,1,0,registered,3444
2011-01-05,1,0,registered,1506
2011-01-05,0,0,registered,2574
2011-01-05,0,0,registered,2481
2011-01-05,1,0,registered,3300
2011-01-06,1,0,registered,3722
2011-01-06,1,0,registered,3325
2011-01-06,1,0,registered,3489
2011-01-06,1,0,registered,3717
2011-01-06,0,0,registered,3347
2011-01-06,0,0,registered,2213
2011-01-06,1,0,registered,3554
2011-01-06,1,0,registered,3848
2011-01-06,1,0,registered,2378
2011-01-06,1,0,registered,3819
2011-01-06,1,0,registered,3714
2011-01-06,0,0,registered,3102
2011-01-06,0,0,registered,2932
2011-01-06,1,0,registered,3698
2011-01-06,1,0,registered,4109
2011-01-06,1,0,registered,3632
2011-01-06,1,0,registered,4169
2011-01-06,1,0,registered,3413
2011-01-06,0,0,registered,2507
2011-01-06,0,0,registered,2971
2011-01-06,1,0,registered,3185
2011-01-06,1,0,registered,3445
2011-01-06,1,0,registered,3319
2011-01-07,1,0,registered,3840
2011-01-07,1,0,registered,4008
2011-01-07,0,0,registered,3547
2011-01-07,0,0,registered,3084
2011-01-07,1,0,registered,3438
2011-01-07,1,0,registered,3833
2011-01-07,1,0,registered,4238
2011-01-07,1,0,registered,3919
2011-01-07,1,0,registered,3808
2011-01-07,0,0,registered,2757
2011-01-07,0,0,registered,2433
2011-01-07,0,1,registered,2549
2011-01-07,1,0,registered,3309
2011-01-07,1,0,registered,3461
2011-01-07,1,0,registered,4232
2011-01-07,1,0,registered,4414
2011-01-07,0,0,registered,3473
2011-01-07,0,0,registered,3221
2011-01-07,1,0,registered,3875
2011-01-07,1,0,registered,4070
2011-01-07,1,0,registered,3725
2011-01-07,1,0,registered,3352
2011-01-07,1,0,registered,3771
2011-01-08,0,0,registered,3237
2011-01-08,0,0,registered,2993
2011-01-08,1,0,registered,4157
2011-01-08,1,0,registered,4164
2011-01-08,1,0,registered,4411
2011-01-08,1,0,registered,3222
2011-01-08,1,0,registered,3981
2011-01-08,0,0,registered,3312
2011-01-08,0,0,registered,3105
2011-01-08,1,0,registered,3311
2011-01-08,1,0,registered,4061
2011-01-08,1,0,registered,3846
2011-01-08,1,0,registered,4044
2011-01-08,1,0,registered,4022
2011-01-08,0,0,registered,3420
2011-01-08,0,0,registered,3385
2011-01-08,1,0,registered,3854
2011-01-08,1,0,registered,3916
2011-01-08,1,0,registered,4377
2011-01-08,1,0,registered,4488
2011-01-08,1,0,registered,4116
2011-01-08,0,0,registered,2915
2011-01-08,0,0,registered,2367
2011-01-08,0,1,registered,2978
2011-01-09,1,0,registered,3634
2011-01-09,1,0,registered,3845
2011-01-09,1,0,registered,3838
2011-01-09,1,0,registered,3348
2011-01-09,0,0,registered,3348
2011-01-09,0,0,registered,3138
2011-01-09,1,0,registered,3363
2011-01-09,1,0,registered,3596
2011-01-09,1,0,registered,3594
2011-01-09,1,0,registered,4196
2011-01-09,1,0,registered,4220
2011-01-09,0,0,registered,3505
2011-01-09,0,0,registered,3296
2011-01-09,1,0,registered,3617
2011-01-09,1,0,registered,3789
2011-01-09,1,0,registered,3688
2011-01-09,1,0,registered,3152
2011-01-09,1,0,registered,2825
2011-01-09,0,0,registered,2298
2011-01-09,0,0,registered,2556
2011-01-09,1,0,registered,3272
2011-01-09,1,0,registered,3840
2011-01-09,1,0,registered,3901
2011-01-09,1,0,registered,3784
2011-01-10,1,0,registered,3176
2011-01-10,0,0,registered,2916
2011-01-10,0,0,registered,2778
2011-01-10,1,0,registered,3537
2011-01-10,1,0,registered,4044
2011-01-10,1,0,registered,3107
2011-01-10,1,0,registered,3777
2011-01-10,1,0,registered,3843
2011-01-10,0,0,registered,2773
2011-01-10,0,0,registered,2487
2011-01-10,1,0,registered,3480
2011-01-10,1,0,registered,3695
2011-01-10,1,0,registered,3896
2011-01-10,1,0,registered,3980
2011-01-10,1,0,registered,3854
2011-01-10,0,0,registered,2646
2011-01-10,0,0,registered,2482
2011-01-10,1,0,registered,3563
2011-01-10,1,0,registered,4004
2011-01-10,1,0,registered,4026
2011-01-10,1,0,registered,3166
2011-01-10,1,0,registered,3356
2011-01-10,0,0,registered,3277
2011-01-10,0,0,registered,2624
2011-01-11,1,0,registered,3925
2011-01-11,1,0,registered,4614
2011-01-11,1,0,registered,4181
2011-01-11,1,0,registered,3107
2011-01-11,1,0,registered,3893
2011-01-11,0,0,registered,889
2011-01-11,0,0,registered,2919
2011-01-11,1,0,registered,3905
2011-01-11,1,0,registered,4429
2011-01-11,1,0,registered,4370
2011-01-11,1,0,registered,4332
2011-01-11,1,0,registered,3852
2011-01-11,0,0,registered,2549
2011-01-11,0,0,registered,2419
2011-01-11,0,1,registered,2115
2011-01-11,1,0,registered,2506
2011-01-11,1,0,registered,1878
2011-01-11,1,0,registered,1689
2011-01-11,1,0,registered,3127
2011-01-11,0,0,registered,3595
2011-01-11,0,0,registered,3413
2011-01-11,1,0,registered,4023
2011-01-12,1,0,registered,4062
2011-01-12,1,0,registered,4138
2011-01-12,1,0,registered,3231
2011-01-12,1,0,registered,4018
2011-01-12,0,0,registered,3077
2011-01-12,0,0,registered,2921
2011-01-12,1,0,registered,3848
2011-01-12,1,0,registered,3203
2011-01-12,1,0,registered,3813
2011-01-12,1,0,registered,4240
2011-01-12,1,0,registered,2137
2011-01-12,0,0,registered,3647
2011-01-12,0,0,registered,3466
2011-01-12,1,0,registered,3946
2011-01-12,1,0,registered,3643
2011-01-12,1,0,registered,3427
2011-01-12,1,0,registered,4186
2011-01-12,1,0,registered,4372
2011-01-12,0,0,registered,1949
2011-01-12,0,0,registered,2302
2011-01-12,1,0,registered,3240
2011-01-12,1,0,registered,3970
2011-01-13,1,0,registered,4267
2011-01-13,1,0,registered,4126
2011-01-13,1,0,registered,4036
2011-01-13,0,0,registered,3174
2011-01-13,0,0,registered,3114
2011-01-13,0,1,registered,3603
2011-01-13,1,0,registered,3896
2011-01-13,1,0,registered,2199
2011-01-13,1,0,registered,2623
2011-01-13,1,0,registered,3115
2011-01-13,0,0,registered,3318
2011-01-13,0,0,registered,3293
2011-01-13,1,0,registered,3857
2011-01-13,1,0,registered,4111
2011-01-13,1,0,registered,2170
2011-01-13,1,0,registered,3724
2011-01-13,1,0,registered,3628
2011-01-13,0,0,registered,2809
2011-01-13,0,0,registered,2762
2011-01-13,1,0,registered,3488
2011-01-13,1,0,registered,3992
2011-01-13,1,0,registered,3490
2011-01-13,1,0,registered,2419
2011-01-13,1,0,registered,3291
2011-01-14,0,0,registered,570
2011-01-14,0,0,registered,2446
2011-01-14,1,0,registered,3307
2011-01-14,1,0,registered,3658
2011-01-14,1,0,registered,3816
2011-01-14,1,0,registered,3656
2011-01-14,1,0,registered,3576
2011-01-14,0,0,registered,2770
2011-01-14,0,0,registered,2697
2011-01-14,1,0,registered,3662
2011-01-14,1,0,registered,3829
2011-01-14,1,0,registered,3804
2011-01-14,1,0,registered,2743
2011-01-14,0,1,registered,2928
2011-01-14,0,0,registered,2792
2011-01-14,0,0,registered,2713
2011-01-14,1,0,registered,3891
2011-01-14,1,0,registered,3746
2011-01-14,1,0,registered,1672
2011-01-14,1,0,registered,2914
2011-01-14,1,0,registered,3147
2011-01-14,0,0,registered,2720
2011-01-14,0,0,registered,2733
2011-01-15,1,0,registered,2545
2011-01-15,1,0,registered,1538
2011-01-15,1,0,registered,2454
2011-01-15,0,1,registered,935
2011-01-15,1,0,registered,1697
2011-01-15,0,0,registered,1819
2011-01-15,0,0,registered,2261
2011-01-15,1,0,registered,3614
2011-01-15,1,0,registered,2818
2011-01-15,1,0,registered,3425
2011-01-15,1,0,registered,3545
2011-01-15,1,0,registered,3672
2011-01-15,0,0,registered,2908
2011-01-15,0,0,registered,2851
2011-01-15,1,0,registered,3578
2011-01-15,1,0,registered,2468
2011-01-15,1,0,registered,655
2011-01-15,1,0,registered,3172
2011-01-15,1,0,registered,3359
2011-01-15,0,0,registered,2688
2011-01-15,0,0,registered,2366
2011-01-15,1,0,registered,3167
2011-01-15,1,0,registered,3368
2011-01-15,1,0,registered,3562
2011-01-16,1,0,registered,3528
2011-01-16,1,0,registered,3399
2011-01-16,0,0,registered,2464
2011-01-16,0,0,registered,2211
2011-01-16,1,0,registered,3143
2011-01-16,1,0,registered,3534
2011-01-16,1,0,registered,2553
2011-01-16,1,0,registered,2841
2011-01-16,1,0,registered,2046
2011-01-16,0,0,registered,856
2011-01-16,0,0,registered,451
2011-01-16,0,1,registered,887
2011-01-16,1,0,registered,1059
2011-01-16,1,0,registered,2047
2011-01-16,1,0,registered,2169
2011-01-16,1,0,registered,2508
2011-01-16,0,0,registered,1820
2011-01-16,0,0,registered,1608
2011-01-16,0,1,registered,1707
2011-01-16,1,0,registered,2147
2011-01-16,1,0,registered,2273
2011-01-16,1,0,registered,3132
2011-01-16,1,0,registered,3791
2011-01-16,0,0,registered,3451
2011-01-17,0,0,registered,2826
2011-01-17,1,0,registered,2270
2011-01-17,1,0,registered,3425
2011-01-17,1,0,registered,2085
2011-01-17,1,0,registered,3828
2011-01-17,1,0,registered,3040
2011-01-17,0,0,registered,2160
2011-01-17,0,0,registered,2027
2011-01-17,0,1,registered,2081
2011-01-17,1,0,registered,2808
2011-01-17,1,0,registered,3267
2011-01-17,1,0,registered,3162
2011-01-17,1,0,registered,3048
2011-01-17,0,0,registered,1234
2011-01-17,0,0,registered,1781
2011-01-17,1,0,registered,2287
2011-01-17,1,0,registered,3900
2011-01-17,1,0,registered,3803
2011-01-17,1,0,registered,3831
2011-01-17,1,0,registered,3187
2011-01-17,0,0,registered,3248
2011-01-17,0,0,registered,2685
2011-01-17,1,0,registered,3498
2011-01-17,1,0,registered,4185
2011-01-18,1,0,registered,4275
2011-01-18,1,0,registered,3571
2011-01-18,1,0,registered,3841
2011-01-18,0,0,registered,2448
2011-01-18,0,0,registered,2629
2011-01-18,1,0,registered,3578
2011-01-18,1,0,registered,4176
2011-01-18,1,0,registered,2693
2011-01-18,1,0,registered,3667
2011-01-18,1,0,registered,3604
2011-01-18,0,0,registered,1977
2011-01-18,0,0,registered,1456
2011-01-19,1,0,registered,3328
2011-01-19,1,0,registered,3787
2011-01-19,1,0,registered,4028
2011-01-19,1,0,registered,2931
2011-01-19,1,0,registered,3805
2011-01-19,0,0,registered,2883
2011-01-19,0,0,registered,2071
2011-01-19,0,1,registered,2627
2011-01-19,1,0,registered,3614
2011-01-19,1,0,registered,4379
2011-01-19,1,0,registered,4546
2011-01-19,1,0,registered,3241
2011-01-19,0,0,registered,2415
2011-01-19,0,0,registered,2874
2011-01-19,1,0,registered,4069
2011-01-19,1,0,registered,4134
2011-01-19,1,0,registered,1769
2011-01-19,1,0,registered,4665
2011-01-19,1,0,registered,2948
2011-01-19,0,0,registered,3110
2011-01-19,0,0,registered,2713
2011-01-19,1,0,registered,3130
2011-01-19,1,0,registered,3735
2011-01-20,1,0,registered,4484
2011-01-20,1,0,registered,4896
2011-01-20,1,0,registered,4122
2011-01-20,0,0,registered,3150
2011-01-20,0,0,registered,3253
2011-01-20,1,0,registered,4460
2011-01-20,1,0,registered,5085
2011-01-20,1,0,registered,5315
2011-01-20,1,0,registered,5187
2011-01-20,1,0,registered,3830
2011-01-20,0,0,registered,4681
2011-01-20,0,0,registered,3685
2011-01-20,1,0,registered,5171
2011-01-20,1,0,registered,5042
2011-01-20,1,0,registered,5108
2011-01-20,1,0,registered,5537
2011-01-20,1,0,registered,5893
2011-01-20,0,0,registered,2339
2011-01-20,0,0,registered,3464
2011-01-20,1,0,registered,4763
2011-01-20,1,0,registered,4571
2011-01-20,1,0,registered,5024
2011-01-20,1,0,registered,5299
2011-01-20,1,0,registered,4663
2011-01-21,0,0,registered,3934
2011-01-21,0,0,registered,3694
2011-01-21,1,0,registered,4728
2011-01-21,1,0,registered,5424
2011-01-21,1,0,registered,5378
2011-01-21,1,0,registered,5265
2011-01-21,1,0,registered,4653
2011-01-21,0,0,registered,3605
2011-01-21,0,0,registered,2939
2011-01-21,1,0,registered,4680
2011-01-21,1,0,registered,5099
2011-01-21,1,0,registered,4380
2011-01-21,1,0,registered,4746
2011-01-21,1,0,registered,5146
2011-01-21,0,0,registered,4665
2011-01-21,0,0,registered,4286
2011-01-21,0,1,registered,5172
2011-01-21,1,0,registered,5702
2011-01-21,1,0,registered,4020
2011-01-21,1,0,registered,5719
2011-01-21,1,0,registered,5950
2011-01-21,0,0,registered,4083
2011-01-21,0,0,registered,907
2011-01-21,1,0,registered,3019
2011-01-22,1,0,registered,5115
2011-01-22,1,0,registered,5541
2011-01-22,1,0,registered,4551
2011-01-22,1,0,registered,5219
2011-01-22,0,0,registered,3100
2011-01-22,0,0,registered,4075
2011-01-22,1,0,registered,4907
2011-01-22,1,0,registered,5087
2011-01-22,1,0,registered,5502
2011-01-22,1,0,registered,5657
2011-01-22,1,0,registered,5227
2011-01-22,0,0,registered,4387
2011-01-22,0,0,registered,4224
2011-01-22,1,0,registered,5265
2011-01-22,1,0,registered,4990
2011-01-22,1,0,registered,4097
2011-01-22,1,0,registered,5546
2011-01-22,1,0,registered,5711
2011-01-22,0,0,registered,4807
2011-01-22,0,0,registered,3946
2011-01-22,1,0,registered,2501
2011-01-22,1,0,registered,4490
2011-01-22,1,0,registered,6433
2011-01-23,1,0,registered,6142
2011-01-23,1,0,registered,6118
2011-01-23,0,0,registered,4884
2011-01-23,0,0,registered,4425
2011-01-23,1,0,registered,3729
2011-01-23,1,0,registered,5254
2011-01-23,1,0,registered,4494
2011-01-23,1,0,registered,5711
2011-01-23,1,0,registered,5317
2011-01-23,0,0,registered,3681
2011-01-23,0,0,registered,3308
2011-01-23,0,1,registered,3486
2011-01-23,1,0,registered,4863
2011-01-23,1,0,registered,6110
2011-01-23,1,0,registered,6238
2011-01-23,1,0,registered,3594
2011-01-23,0,0,registered,5325
2011-01-23,0,0,registered,5147
2011-01-23,1,0,registered,5927
2011-01-23,1,0,registered,6033
2011-01-23,1,0,registered,6028
2011-01-23,1,0,registered,6456
2011-01-23,1,0,registered,6248
2011-01-24,0,0,registered,4790
2011-01-24,0,0,registered,4374
2011-01-24,1,0,registered,5647
2011-01-24,1,0,registered,4495
2011-01-24,1,0,registered,6248
2011-01-24,1,0,registered,6183
2011-01-24,1,0,registered,6102
2011-01-24,0,0,registered,4739
2011-01-24,0,0,registered,4344
2011-01-24,1,0,registered,4446
2011-01-24,1,0,registered,5857
2011-01-24,1,0,registered,5339
2011-01-24,1,0,registered,5127
2011-01-24,1,0,registered,4859
2011-01-24,0,0,registered,4801
2011-01-24,0,0,registered,4340
2011-01-24,1,0,registered,5640
2011-01-24,1,0,registered,6365
2011-01-24,1,0,registered,6258
2011-01-24,1,0,registered,5958
2011-01-24,1,0,registered,4634
2011-01-24,0,0,registered,4232
2011-01-24,0,0,registered,4110
2011-01-25,1,0,registered,5323
2011-01-25,1,0,registered,5608
2011-01-25,0,1,registered,4841
2011-01-25,1,0,registered,4836
2011-01-25,1,0,registered,4841
2011-01-25,0,0,registered,3392
2011-01-25,0,0,registered,3469
2011-01-25,1,0,registered,5571
2011-01-25,1,0,registered,5336
2011-01-25,1,0,registered,6289
2011-01-25,1,0,registered,6414
2011-01-25,1,0,registered,5988
2011-01-25,0,0,registered,4614
2011-01-25,0,0,registered,4111
2011-01-25,1,0,registered,5742
2011-01-25,1,0,registered,5865
2011-01-25,1,0,registered,4914
2011-01-25,1,0,registered,5703
2011-01-25,1,0,registered,5123
2011-01-25,0,0,registered,3195
2011-01-25,0,0,registered,4866
2011-01-25,1,0,registered,5831
2011-01-25,1,0,registered,6452
2011-01-26,1,0,registered,6790
2011-01-26,1,0,registered,5825
2011-01-26,1,0,registered,5645
2011-01-26,0,0,registered,4451
2011-01-26,0,0,registered,4444
2011-01-26,1,0,registered,6065
2011-01-26,1,0,registered,6248
2011-01-26,1,0,registered,6506
2011-01-26,1,0,registered,6278
2011-01-26,1,0,registered,5847
2011-01-26,0,0,registered,4479
2011-01-26,0,0,registered,3757
2011-01-26,1,0,registered,5780
2011-01-26,1,0,registered,5995
2011-01-26,1,0,registered,6271
2011-01-26,1,0,registered,6090
2011-01-27,1,0,registered,4721
2011-01-27,0,0,registered,4052
2011-01-27,0,0,registered,4362
2011-01-27,1,0,registered,5676
2011-01-27,1,0,registered,5656
2011-01-27,1,0,registered,6149
2011-01-27,1,0,registered,6267
2011-01-27,1,0,registered,5665
2011-01-28,0,0,registered,5038
2011-01-28,0,0,registered,3341
2011-01-28,1,0,registered,5504
2011-01-28,1,0,registered,5925
2011-01-28,1,0,registered,6281
2011-01-28,1,0,registered,6402
2011-01-28,1,0,registered,6257
2011-01-28,0,0,registered,4224
2011-01-28,0,0,registered,3772
2011-01-28,1,0,registered,5928
2011-01-28,1,0,registered,6105
2011-01-28,1,0,registered,6520
2011-01-28,1,0,registered,6541
2011-01-28,1,0,registered,5917
2011-01-28,0,0,registered,3788
2011-01-28,0,0,registered,3197
2011-01-28,0,1,registered,4069
2011-01-28,1,0,registered,5997
2011-01-28,1,0,registered,6280
2011-01-28,1,0,registered,5592
2011-01-28,1,0,registered,6459
2011-01-28,0,0,registered,4419
2011-01-28,0,0,registered,5657
2011-01-29,1,0,registered,6407
2011-01-29,1,0,registered,6697
2011-01-29,1,0,registered,6820
2011-01-29,1,0,registered,6750
2011-01-29,1,0,registered,6630
2011-01-29,0,0,registered,5554
2011-01-29,0,0,registered,5167
2011-01-29,1,0,registered,5847
2011-01-29,1,0,registered,3702
2011-01-29,1,0,registered,6803
2011-01-29,1,0,registered,6781
2011-01-29,1,0,registered,6917
2011-01-29,0,0,registered,5883
2011-01-29,0,0,registered,5453
2011-01-29,1,0,registered,6435
2011-01-29,1,0,registered,6693
2011-01-29,1,0,registered,6946
2011-01-29,1,0,registered,6642
2011-01-29,1,0,registered,6370
2011-01-29,0,0,registered,5966
2011-01-29,0,0,registered,4874
2011-01-29,1,0,registered,6015
2011-01-29,1,0,registered,4324
2011-01-30,1,0,registered,6844
2011-01-30,1,0,registered,6437
2011-01-30,1,0,registered,6640
2011-01-30,0,0,registered,4934
2011-01-30,0,0,registered,2729
2011-01-30,0,1,registered,4604
2011-01-30,1,0,registered,5791
2011-01-30,1,0,registered,6911
2011-01-30,1,0,registered,6736
2011-01-30,1,0,registered,6222
2011-01-30,0,0,registered,4857
2011-01-30,0,0,registered,4559
2011-01-30,1,0,registered,5115
2011-01-30,1,0,registered,6612
2011-01-30,1,0,registered,6482
2011-01-30,1,0,registered,6501
2011-01-30,1,0,registered,4671
2011-01-30,0,0,registered,5284
2011-01-30,0,0,registered,4692
2011-01-30,1,0,registered,6228
2011-01-30,1,0,registered,6625
2011-01-30,1,0,registered,6898
2011-01-30,1,0,registered,6484
2011-01-31,1,0,registered,6262
2011-01-31,0,0,registered,5209
2011-01-31,0,0,registered,3461
2011-01-31,1,0,registered,20
2011-01-31,1,0,registered,1009
2011-01-31,1,0,registered,5147
2011-01-31,1,0,registered,5520
2011-01-31,1,0,registered,5229
2011-01-31,0,0,registered,4109
2011-01-31,0,0,registered,3906
2011-01-31,1,0,registered,4881
2011-01-31,1,0,registered,5220
2011-01-31,1,0,registered,4709
2011-01-31,1,0,registered,4975
2011-01-31,1,0,registered,5283
2011-01-31,0,0,registered,4446
2011-01-31,0,0,registered,4562
2011-01-31,0,1,registered,5172
2011-01-31,1,0,registered,3767
2011-01-31,1,0,registered,5122
2011-01-31,1,0,registered,5125
2011-01-31,1,0,registered,5214
2011-01-31,0,0,registered,4316
2011-01-31,0,0,registered,3747
2011-02-01,1,0,registered,5050
2011-02-01,1,0,registered,5100
2011-02-01,1,0,registered,4531
2011-02-01,0,1,registered,1470
2011-02-01,1,0,registered,2307
2011-02-01,0,0,registered,1745
2011-02-01,0,0,registered,2115
2011-02-01,1,0,registered,4750
2011-02-01,1,0,registered,3836
2011-02-01,1,0,registered,5062
2011-02-01,1,0,registered,5080
2011-02-01,1,0,registered,5306
2011-02-01,0,0,registered,4240
2011-02-01,0,0,registered,3757
2011-02-01,1,0,registered,5679
2011-02-01,1,0,registered,6055
2011-02-01,1,0,registered,5398
2011-02-01,1,0,registered,5035
2011-02-01,1,0,registered,4659
2011-02-01,0,0,registered,4429
2011-02-01,0,0,registered,2787
2011-02-01,1,0,registered,4841
2011-02-01,1,0,registered,5219
2011-02-02,1,0,registered,5009
2011-02-02,1,0,registered,5107
2011-02-02,1,0,registered,5182
2011-02-02,0,0,registered,4280
2011-02-02,0,0,registered,3248
2011-02-02,1,0,registered,4373
2011-02-02,1,0,registered,5124
2011-02-02,1,0,registered,4934
2011-02-02,1,0,registered,3814
2011-02-02,1,0,registered,3402
2011-02-02,0,0,registered,1544
2011-02-02,0,0,registered,1379
2011-02-02,1,0,registered,746
2011-02-02,0,1,registered,573
2011-02-02,1,0,registered,432
2011-02-02,1,0,registered,1867
2011-02-02,1,0,registered,2451
2011-02-02,0,0,registered,1182
2011-02-02,0,0,registered,1432
2011-02-02,1,0,registered,2290
2011-01-01,0,0,total,985
2011-01-01,0,0,total,801
2011-01-01,1,0,total,1349
2011-01-01,1,0,total,1562
2011-01-01,1,0,total,1600
2011-01-01,1,0,total,1606
2011-01-01,1,0,total,1510
2011-01-01,0,0,total,959
2011-01-01,0,0,total,822
2011-01-01,1,0,total,1321
2011-01-01,1,0,total,1263
2011-01-01,1,0,total,1162
2011-01-01,1,0,total,1406
2011-01-01,1,0,total,1421
2011-01-01,0,0,total,1248
2011-01-01,0,0,total,1204
2011-01-01,0,1,total,1000
2011-01-01,1,0,total,683
2011-01-01,1,0,total,1650
2011-01-01,1,0,total,1927
2011-01-01,1,0,total,1543
2011-01-01,0,0,total,981
2011-01-01,0,0,total,986
2011-01-01,1,0,total,1416
2011-01-02,1,0,total,1985
2011-01-02,1,0,total,506
2011-01-02,1,0,total,431
2011-01-02,1,0,total,1167
2011-01-02,0,0,total,1098
2011-01-02,0,0,total,1096
2011-01-02,1,0,total,1501
2011-01-02,1,0,total,1360
2011-01-02,1,0,total,1526
2011-01-02,1,0,total,1550
2011-01-02,1,0,total,1708
2011-01-02,0,0,total,1005
2011-01-02,0,0,total,1623
2011-01-02,1,0,total,1712
2011-01-02,1,0,total,1530
2011-01-02,1,0,total,1605
2011-01-02,1,0,total,1538
2011-01-02,1,0,total,1746
2011-01-02,0,0,total,1472
2011-01-02,0,0,total,1589
2011-01-02,1,0,total,1913
2011-01-02,1,0,total,1815
2011-01-02,1,0,total,2115
2011-01-03,1,0,total,2475
2011-01-03,1,0,total,2927
2011-01-03,0,0,total,1635
2011-01-03,0,0,total,1812
2011-01-03,0,1,total,1107
2011-01-03,1,0,total,1450
2011-01-03,1,0,total,1917
2011-01-03,1,0,total,1807
2011-01-03,1,0,total,1461
2011-01-03,0,0,total,1969
2011-01-03,0,0,total,2402
2011-01-03,1,0,total,1446
2011-01-03,1,0,total,1851
2011-01-03,1,0,total,2134
2011-01-03,1,0,total,1685
2011-01-03,1,0,total,1944
2011-01-03,0,0,total,2077
2011-01-03,0,0,total,605
2011-01-03,1,0,total,1872
2011-01-03,1,0,total,2133
2011-01-03,1,0,total,1891
2011-01-03,1,0,total,623
2011-01-04,1,0,total,1977
2011-01-04,0,0,total,2132
2011-01-04,0,0,total,2417
2011-01-04,1,0,total,2046
2011-01-04,1,0,total,2056
2011-01-04,1,0,total,2192
2011-01-04,1,0,total,2744
2011-01-04,1,0,total,3239
2011-01-04,0,0,total,3117
2011-01-04,0,0,total,2471
2011-01-04,1,0,total,2077
2011-01-04,1,0,total,2703
2011-01-04,1,0,total,2121
2011-01-04,1,0,total,1865
2011-01-04,1,0,total,2210
2011-01-04,0,0,total,2496
2011-01-04,0,0,total,1693
2011-01-04,1,0,total,2028
2011-01-04,1,0,total,2425
2011-01-04,1,0,total,1536
2011-01-04,1,0,total,1685
2011-01-04,1,0,total,2227
2011-01-04,0,0,total,2252
2011-01-05,0,0,total,3249
2011-01-05,1,0,total,3115
2011-01-05,1,0,total,1795
2011-01-05,1,0,total,2808
2011-01-05,1,0,total,3141
2011-01-05,1,0,total,1471
2011-01-05,0,0,total,2455
2011-01-05,0,0,total,2895
2011-01-05,1,0,total,3348
2011-01-05,1,0,total,2034
2011-01-05,1,0,total,2162
2011-01-05,1,0,total,3267
2011-01-05,0,1,total,3126
2011-01-05,0,0,total,795
2011-01-05,0,0,total,3744
2011-01-05,1,0,total,3429
2011-01-05,1,0,total,3204
2011-01-05,1,0,total,3944
2011-01-05,1,0,total,4189
2011-01-05,1,0,total,1683
2011-01-05,0,0,total,4036
2011-01-05,0,0,total,4191
2011-01-05,1,0,total,4073
2011-01-06,1,0,total,4400
2011-01-06,1,0,total,3872
2011-01-06,1,0,total,4058
2011-01-06,1,0,total,4595
2011-01-06,0,0,total,5312
2011-01-06,0,0,total,3351
2011-01-06,1,0,total,4401
2011-01-06,1,0,total,4451
2011-01-06,1,0,total,2633
2011-01-06,1,0,total,4433
2011-01-06,1,0,total,4608
2011-01-06,0,0,total,4714
2011-01-06,0,0,total,4333
2011-01-06,1,0,total,4362
2011-01-06,1,0,total,4803
2011-01-06,1,0,total,4182
2011-01-06,1,0,total,4864
2011-01-06,1,0,total,4105
2011-01-06,0,0,total,3409
2011-01-06,0,0,total,4553
2011-01-06,1,0,total,3958
2011-01-06,1,0,total,4123
2011-01-06,1,0,total,3855
2011-01-07,1,0,total,4575
2011-01-07,1,0,total,4917
2011-01-07,0,0,total,5805
2011-01-07,0,0,total,4660
2011-01-07,1,0,total,4274
2011-01-07,1,0,total,4492
2011-01-07,1,0,total,4978
2011-01-07,1,0,total,4677
2011-01-07,1,0,total,4679
2011-01-07,0,0,total,4758
2011-01-07,0,0,total,4788
2011-01-07,0,1,total,4098
2011-01-07,1,0,total,3982
2011-01-07,1,0,total,3974
2011-01-07,1,0,total,4968
2011-01-07,1,0,total,5312
2011-01-07,0,0,total,5342
2011-01-07,0,0,total,4906
2011-01-07,1,0,total,4548
2011-01-07,1,0,total,4833
2011-01-07,1,0,total,4401
2011-01-07,1,0,total,3915
2011-01-07,1,0,total,4586
2011-01-08,0,0,total,4966
2011-01-08,0,0,total,4460
2011-01-08,1,0,total,5020
2011-01-08,1,0,total,4891
2011-01-08,1,0,total,5180
2011-01-08,1,0,total,3767
2011-01-08,1,0,total,4844
2011-01-08,0,0,total,5119
2011-01-08,0,0,total,4744
2011-01-08,1,0,total,4010
2011-01-08,1,0,total,4835
2011-01-08,1,0,total,4507
2011-01-08,1,0,total,4790
2011-01-08,1,0,total,4991
2011-01-08,0,0,total,5202
2011-01-08,0,0,total,5305
2011-01-08,1,0,total,4708
2011-01-08,1,0,total,4648
2011-01-08,1,0,total,5225
2011-01-08,1,0,total,5515
2011-01-08,1,0,total,5362
2011-01-08,0,0,total,5119
2011-01-08,0,0,total,4649
2011-01-08,0,1,total,6043
2011-01-09,1,0,total,4665
2011-01-09,1,0,total,4629
2011-01-09,1,0,total,4592
2011-01-09,1,0,total,4040
2011-01-09,0,0,total,5336
2011-01-09,0,0,total,4881
2011-01-09,1,0,total,4086
2011-01-09,1,0,total,4258
2011-01-09,1,0,total,4342
2011-01-09,1,0,total,5084
2011-01-09,1,0,total,5538
2011-01-09,0,0,total,5923
2011-01-09,0,0,total,5302
2011-01-09,1,0,total,4458
2011-01-09,1,0,total,4541
2011-01-09,1,0,total,4332
2011-01-09,1,0,total,3784
2011-01-09,1,0,total,3387
2011-01-09,0,0,total,3285
2011-01-09,0,0,total,3606
2011-01-09,1,0,total,3840
2011-01-09,1,0,total,4590
2011-01-09,1,0,total,4656
2011-01-09,1,0,total,4390
2011-01-10,1,0,total,3846
2011-01-10,0,0,total,4475
2011-01-10,0,0,total,4302
2011-01-10,1,0,total,4266
2011-01-10,1,0,total,4845
2011-01-10,1,0,total,3574
2011-01-10,1,0,total,4576
2011-01-10,1,0,total,4866
2011-01-10,0,0,total,4294
2011-01-10,0,0,total,3785
2011-01-10,1,0,total,4326
2011-01-10,1,0,total,4602
2011-01-10,1,0,total,4780
2011-01-10,1,0,total,4792
2011-01-10,1,0,total,4905
2011-01-10,0,0,total,4150
2011-01-10,0,0,total,3820
2011-01-10,1,0,total,4338
2011-01-10,1,0,total,4725
2011-01-10,1,0,total,4694
2011-01-10,1,0,total,3805
2011-01-10,1,0,total,4153
2011-01-10,0,0,total,5191
2011-01-10,0,0,total,3873
2011-01-11,1,0,total,4758
2011-01-11,1,0,total,5895
2011-01-11,1,0,total,5130
2011-01-11,1,0,total,3542
2011-01-11,1,0,total,4661
2011-01-11,0,0,total,1115
2011-01-11,0,0,total,4334
2011-01-11,1,0,total,4634
2011-01-11,1,0,total,5204
2011-01-11,1,0,total,5058
2011-01-11,1,0,total,5115
2011-01-11,1,0,total,4727
2011-01-11,0,0,total,4484
2011-01-11,0,0,total,4940
2011-01-11,0,1,total,3351
2011-01-11,1,0,total,2710
2011-01-11,1,0,total,1996
2011-01-11,1,0,total,1842
2011-01-11,1,0,total,3544
2011-01-11,0,0,total,5345
2011-01-11,0,0,total,5046
2011-01-11,1,0,total,4713
2011-01-12,1,0,total,4763
2011-01-12,1,0,total,4785
2011-01-12,1,0,total,3659
2011-01-12,1,0,total,4760
2011-01-12,0,0,total,4511
2011-01-12,0,0,total,4274
2011-01-12,1,0,total,4539
2011-01-12,1,0,total,3641
2011-01-12,1,0,total,4352
2011-01-12,1,0,total,4795
2011-01-12,1,0,total,2395
2011-01-12,0,0,total,5423
2011-01-12,0,0,total,5010
2011-01-12,1,0,total,4630
2011-01-12,1,0,total,4120
2011-01-12,1,0,total,3907
2011-01-12,1,0,total,4839
2011-01-12,1,0,total,5202
2011-01-12,0,0,total,2429
2011-01-12,0,0,total,2918
2011-01-12,1,0,total,3570
2011-01-12,1,0,total,4456
2011-01-13,1,0,total,4826
2011-01-13,1,0,total,4765
2011-01-13,1,0,total,4985
2011-01-13,0,0,total,5409
2011-01-13,0,0,total,5511
2011-01-13,0,1,total,5117
2011-01-13,1,0,total,4563
2011-01-13,1,0,total,2416
2011-01-13,1,0,total,2913
2011-01-13,1,0,total,3644
2011-01-13,0,0,total,5217
2011-01-13,0,0,total,5041
2011-01-13,1,0,total,4570
2011-01-13,1,0,total,4748
2011-01-13,1,0,total,2424
2011-01-13,1,0,total,4195
2011-01-13,1,0,total,4304
2011-01-13,0,0,total,4308
2011-01-13,0,0,total,4381
2011-01-13,1,0,total,4187
2011-01-13,1,0,total,4687
2011-01-13,1,0,total,3894
2011-01-13,1,0,total,2659
2011-01-13,1,0,total,3747
2011-01-14,0,0,total,627
2011-01-14,0,0,total,3331
2011-01-14,1,0,total,3669
2011-01-14,1,0,total,4068
2011-01-14,1,0,total,4186
2011-01-14,1,0,total,3974
2011-01-14,1,0,total,4046
2011-01-14,0,0,total,3926
2011-01-14,0,0,total,3649
2011-01-14,1,0,total,4035
2011-01-14,1,0,total,4205
2011-01-14,1,0,total,4109
2011-01-14,1,0,total,2933
2011-01-14,0,1,total,3368
2011-01-14,0,0,total,4067
2011-01-14,0,0,total,3717
2011-01-14,1,0,total,4486
2011-01-14,1,0,total,4195
2011-01-14,1,0,total,1817
2011-01-14,1,0,total,3053
2011-01-14,1,0,total,3392
2011-01-14,0,0,total,3663
2011-01-14,0,0,total,3520
2011-01-15,1,0,total,2765
2011-01-15,1,0,total,1607
2011-01-15,1,0,total,2566
2011-01-15,0,1,total,1495
2011-01-15,1,0,total,2792
2011-01-15,0,0,total,3068
2011-01-15,0,0,total,3071
2011-01-15,1,0,total,3867
2011-01-15,1,0,total,2914
2011-01-15,1,0,total,3613
2011-01-15,1,0,total,3727
2011-01-15,1,0,total,3940
2011-01-15,0,0,total,3614
2011-01-15,0,0,total,3485
2011-01-15,1,0,total,3811
2011-01-15,1,0,total,2594
2011-01-15,1,0,total,705
2011-01-15,1,0,total,3322
2011-01-15,1,0,total,3620
2011-01-15,0,0,total,3190
2011-01-15,0,0,total,2743
2011-01-15,1,0,total,3310
2011-01-15,1,0,total,3523
2011-01-15,1,0,total,3740
2011-01-16,1,0,total,3709
2011-01-16,1,0,total,3577
2011-01-16,0,0,total,2739
2011-01-16,0,0,total,2431
2011-01-16,1,0,total,3403
2011-01-16,1,0,total,3750
2011-01-16,1,0,total,2660
2011-01-16,1,0,total,3068
2011-01-16,1,0,total,2209
2011-01-16,0,0,total,1011
2011-01-16,0,0,total,754
2011-01-16,0,1,total,1317
2011-01-16,1,0,total,1162
2011-01-16,1,0,total,2302
2011-01-16,1,0,total,2423
2011-01-16,1,0,total,2999
2011-01-16,0,0,total,2485
2011-01-16,0,0,total,2294
2011-01-16,0,1,total,1951
2011-01-16,1,0,total,2236
2011-01-16,1,0,total,2368
2011-01-16,1,0,total,3272
2011-01-16,1,0,total,4098
2011-01-16,0,0,total,4521
2011-01-17,0,0,total,3425
2011-01-17,1,0,total,2376
2011-01-17,1,0,total,3598
2011-01-17,1,0,total,2177
2011-01-17,1,0,total,4097
2011-01-17,1,0,total,3214
2011-01-17,0,0,total,2493
2011-01-17,0,0,total,2311
2011-01-17,0,1,total,2298
2011-01-17,1,0,total,2935
2011-01-17,1,0,total,3376
2011-01-17,1,0,total,3292
2011-01-17,1,0,total,3163
2011-01-17,0,0,total,1301
2011-01-17,0,0,total,1977
2011-01-17,1,0,total,2432
2011-01-17,1,0,total,4339
2011-01-17,1,0,total,4270
2011-01-17,1,0,total,4075
2011-01-17,1,0,total,3456
2011-01-17,0,0,total,4023
2011-01-17,0,0,total,3243
2011-01-17,1,0,total,3624
2011-01-17,1,0,total,4509
2011-01-18,1,0,total,4579
2011-01-18,1,0,total,3761
2011-01-18,1,0,total,4151
2011-01-18,0,0,total,2832
2011-01-18,0,0,total,2947
2011-01-18,1,0,total,3784
2011-01-18,1,0,total,4375
2011-01-18,1,0,total,2802
2011-01-18,1,0,total,3830
2011-01-18,1,0,total,3831
2011-01-18,0,0,total,2169
2011-01-18,0,0,total,1529
2011-01-19,1,0,total,3422
2011-01-19,1,0,total,3922
2011-01-19,1,0,total,4169
2011-01-19,1,0,total,3005
2011-01-19,1,0,total,4154
2011-01-19,0,0,total,4318
2011-01-19,0,0,total,2689
2011-01-19,0,1,total,3129
2011-01-19,1,0,total,3777
2011-01-19,1,0,total,4773
2011-01-19,1,0,total,5062
2011-01-19,1,0,total,3487
2011-01-19,0,0,total,2732
2011-01-19,0,0,total,3389
2011-01-19,1,0,total,4322
2011-01-19,1,0,total,4363
2011-01-19,1,0,total,1834
2011-01-19,1,0,total,4990
2011-01-19,1,0,total,3194
2011-01-19,0,0,total,4066
2011-01-19,0,0,total,3423
2011-01-19,1,0,total,3333
2011-01-19,1,0,total,3956
2011-01-20,1,0,total,4916
2011-01-20,1,0,total,5382
2011-01-20,1,0,total,4569
2011-01-20,0,0,total,4118
2011-01-20,0,0,total,4911
2011-01-20,1,0,total,5298
2011-01-20,1,0,total,5847
2011-01-20,1,0,total,6312
2011-01-20,1,0,total,6192
2011-01-20,1,0,total,4378
2011-01-20,0,0,total,7836
2011-01-20,0,0,total,5892
2011-01-20,1,0,total,6153
2011-01-20,1,0,total,6093
2011-01-20,1,0,total,6230
2011-01-20,1,0,total,6871
2011-01-20,1,0,total,8362
2011-01-20,0,0,total,3372
2011-01-20,0,0,total,4996
2011-01-20,1,0,total,5558
2011-01-20,1,0,total,5102
2011-01-20,1,0,total,5698
2011-01-20,1,0,total,6133
2011-01-20,1,0,total,5459
2011-01-21,0,0,total,6235
2011-01-21,0,0,total,6041
2011-01-21,1,0,total,5936
2011-01-21,1,0,total,6772
2011-01-21,1,0,total,6436
2011-01-21,1,0,total,6457
2011-01-21,1,0,total,6460
2011-01-21,0,0,total,6857
2011-01-21,0,0,total,5169
2011-01-21,1,0,total,5585
2011-01-21,1,0,total,5918
2011-01-21,1,0,total,4862
2011-01-21,1,0,total,5409
2011-01-21,1,0,total,6398
2011-01-21,0,0,total,7460
2011-01-21,0,0,total,7132
2011-01-21,0,1,total,6370
2011-01-21,1,0,total,6691
2011-01-21,1,0,total,4367
2011-01-21,1,0,total,6565
2011-01-21,1,0,total,7290
2011-01-21,0,0,total,6624
2011-01-21,0,0,total,1027
2011-01-21,1,0,total,3214
2011-01-22,1,0,total,5633
2011-01-22,1,0,total,6196
2011-01-22,1,0,total,5026
2011-01-22,1,0,total,6233
2011-01-22,0,0,total,4220
2011-01-22,0,0,total,6304
2011-01-22,1,0,total,5572
2011-01-22,1,0,total,5740
2011-01-22,1,0,total,6169
2011-01-22,1,0,total,6421
2011-01-22,1,0,total,6296
2011-01-22,0,0,total,6883
2011-01-22,0,0,total,6359
2011-01-22,1,0,total,6273
2011-01-22,1,0,total,5728
2011-01-22,1,0,total,4717
2011-01-22,1,0,total,6572
2011-01-22,1,0,total,7030
2011-01-22,0,0,total,7429
2011-01-22,0,0,total,6118
2011-01-22,1,0,total,2843
2011-01-22,1,0,total,5115
2011-01-22,1,0,total,7424
2011-01-23,1,0,total,7384
2011-01-23,1,0,total,7639
2011-01-23,0,0,total,8294
2011-01-23,0,0,total,7129
2011-01-23,1,0,total,4359
2011-01-23,1,0,total,6073
2011-01-23,1,0,total,5260
2011-01-23,1,0,total,6770
2011-01-23,1,0,total,6734
2011-01-23,0,0,total,6536
2011-01-23,0,0,total,6591
2011-01-23,0,1,total,6043
2011-01-23,1,0,total,5743
2011-01-23,1,0,total,6855
2011-01-23,1,0,total,7338
2011-01-23,1,0,total,4127
2011-01-23,0,0,total,8120
2011-01-23,0,0,total,7641
2011-01-23,1,0,total,6998
2011-01-23,1,0,total,7001
2011-01-23,1,0,total,7055
2011-01-23,1,0,total,7494
2011-01-23,1,0,total,7736
2011-01-24,0,0,total,7498
2011-01-24,0,0,total,6598
2011-01-24,1,0,total,6664
2011-01-24,1,0,total,4972
2011-01-24,1,0,total,7421
2011-01-24,1,0,total,7363
2011-01-24,1,0,total,7665
2011-01-24,0,0,total,7702
2011-01-24,0,0,total,6978
2011-01-24,1,0,total,5099
2011-01-24,1,0,total,6825
2011-01-24,1,0,total,6211
2011-01-24,1,0,total,5905
2011-01-24,1,0,total,5823
2011-01-24,0,0,total,7458
2011-01-24,0,0,total,6891
2011-01-24,1,0,total,6779
2011-01-24,1,0,total,7442
2011-01-24,1,0,total,7335
2011-01-24,1,0,total,6879
2011-01-24,1,0,total,5463
2011-01-24,0,0,total,5687
2011-01-24,0,0,total,5531
2011-01-25,1,0,total,6227
2011-01-25,1,0,total,6660
2011-01-25,0,1,total,7403
2011-01-25,1,0,total,6241
2011-01-25,1,0,total,6207
2011-01-25,0,0,total,4840
2011-01-25,0,0,total,4672
2011-01-25,1,0,total,6569
2011-01-25,1,0,total,6290
2011-01-25,1,0,total,7264
2011-01-25,1,0,total,7446
2011-01-25,1,0,total,7499
2011-01-25,0,0,total,6969
2011-01-25,0,0,total,6031
2011-01-25,1,0,total,6830
2011-01-25,1,0,total,6786
2011-01-25,1,0,total,5713
2011-01-25,1,0,total,6591
2011-01-25,1,0,total,5870
2011-01-25,0,0,total,4459
2011-01-25,0,0,total,7410
2011-01-25,1,0,total,6966
2011-01-25,1,0,total,7592
2011-01-26,1,0,total,8173
2011-01-26,1,0,total,6861
2011-01-26,1,0,total,6904
2011-01-26,0,0,total,6685
2011-01-26,0,0,total,6597
2011-01-26,1,0,total,7105
2011-01-26,1,0,total,7216
2011-01-26,1,0,total,7580
2011-01-26,1,0,total,7261
2011-01-26,1,0,total,7175
2011-01-26,0,0,total,6824
2011-01-26,0,0,total,5464
2011-01-26,1,0,total,7013
2011-01-26,1,0,total,7273
2011-01-26,1,0,total,7534
2011-01-26,1,0,total,7286
2011-01-27,1,0,total,5786
2011-01-27,0,0,total,6299
2011-01-27,0,0,total,6544
2011-01-27,1,0,total,6883
2011-01-27,1,0,total,6784
2011-01-27,1,0,total,7347
2011-01-27,1,0,total,7605
2011-01-27,1,0,total,7148
2011-01-28,0,0,total,7865
2011-01-28,0,0,total,4549
2011-01-28,1,0,total,6530
2011-01-28,1,0,total,7006
2011-01-28,1,0,total,7375
2011-01-28,1,0,total,7765
2011-01-28,1,0,total,7582
2011-01-28,0,0,total,6053
2011-01-28,0,0,total,5255
2011-01-28,1,0,total,6917
2011-01-28,1,0,total,7040
2011-01-28,1,0,total,7697
2011-01-28,1,0,total,7713
2011-01-28,1,0,total,7350
2011-01-28,0,0,total,6140
2011-01-28,0,0,total,5810
2011-01-28,0,1,total,6034
2011-01-28,1,0,total,6864
2011-01-28,1,0,total,7112
2011-01-28,1,0,total,6203
2011-01-28,1,0,total,7504
2011-01-28,0,0,total,5976
2011-01-28,0,0,total,8227
2011-01-29,1,0,total,7525
2011-01-29,1,0,total,7767
2011-01-29,1,0,total,7870
2011-01-29,1,0,total,7804
2011-01-29,1,0,total,8009
2011-01-29,0,0,total,8714
2011-01-29,0,0,total,7333
2011-01-29,1,0,total,6869
2011-01-29,1,0,total,4073
2011-01-29,1,0,total,7591
2011-01-29,1,0,total,7720
2011-01-29,1,0,total,8167
2011-01-29,0,0,total,8395
2011-01-29,0,0,total,7907
2011-01-29,1,0,total,7436
2011-01-29,1,0,total,7538
2011-01-29,1,0,total,7733
2011-01-29,1,0,total,7393
2011-01-29,1,0,total,7415
2011-01-29,0,0,total,8555
2011-01-29,0,0,total,6889
2011-01-29,1,0,total,6778
2011-01-29,1,0,total,4639
2011-01-30,1,0,total,7572
2011-01-30,1,0,total,7328
2011-01-30,1,0,total,8156
2011-01-30,0,0,total,7965
2011-01-30,0,0,total,3510
2011-01-30,0,1,total,5478
2011-01-30,1,0,total,6392
2011-01-30,1,0,total,7691
2011-01-30,1,0,total,7570
2011-01-30,1,0,total,7282
2011-01-30,0,0,total,7109
2011-01-30,0,0,total,6639
2011-01-30,1,0,total,5875
2011-01-30,1,0,total,7534
2011-01-30,1,0,total,7461
2011-01-30,1,0,total,7509
2011-01-30,1,0,total,5424
2011-01-30,0,0,total,8090
2011-01-30,0,0,total,6824
2011-01-30,1,0,total,7058
2011-01-30,1,0,total,7466
2011-01-30,1,0,total,7693
2011-01-30,1,0,total,7359
2011-01-31,1,0,total,7444
2011-01-31,0,0,total,7852
2011-01-31,0,0,total,4459
2011-01-31,1,0,total,22
2011-01-31,1,0,total,1096
2011-01-31,1,0,total,5566
2011-01-31,1,0,total,5986
2011-01-31,1,0,total,5847
2011-01-31,0,0,total,5138
2011-01-31,0,0,total,5107
2011-01-31,1,0,total,5259
2011-01-31,1,0,total,5686
2011-01-31,1,0,total,5035
2011-01-31,1,0,total,5315
2011-01-31,1,0,total,5992
2011-01-31,0,0,total,6536
2011-01-31,0,0,total,6852
2011-01-31,0,1,total,6269
2011-01-31,1,0,total,4094
2011-01-31,1,0,total,5495
2011-01-31,1,0,total,5445
2011-01-31,1,0,total,5698
2011-01-31,0,0,total,5629
2011-01-31,0,0,total,4669
2011-02-01,1,0,total,5499
2011-02-01,1,0,total,5634
2011-02-01,1,0,total,5146
2011-02-01,0,1,total,2425
2011-02-01,1,0,total,3910
2011-02-01,0,0,total,2277
2011-02-01,0,0,total,2424
2011-02-01,1,0,total,5087
2011-02-01,1,0,total,3959
2011-02-01,1,0,total,5260
2011-02-01,1,0,total,5323
2011-02-01,1,0,total,5668
2011-02-01,0,0,total,5191
2011-02-01,0,0,total,4649
2011-02-01,1,0,total,6234
2011-02-01,1,0,total,6606
2011-02-01,1,0,total,5729
2011-02-01,1,0,total,5375
2011-02-01,1,0,total,5008
2011-02-01,0,0,total,5582
2011-02-01,0,0,total,3228
2011-02-01,1,0,total,5170
2011-02-01,1,0,total,5501
2011-02-02,1,0,total,5319
2011-02-02,1,0,total,5532
2011-02-02,1,0,total,5611
2011-02-02,0,0,total,5047
2011-02-02,0,0,total,3786
2011-02-02,1,0,total,4585
2011-02-02,1,0,total,5557
2011-02-02,1,0,total,5267
2011-02-02,1,0,total,4128
2011-02-02,1,0,total,3623
2011-02-02,0,0,total,1749
2011-02-02,0,0,total,1787
2011-02-02,1,0,total,920
2011-02-02,0,1,total,1013
2011-02-02,1,0,total,441
2011-02-02,1,0,total,2114
2011-02-02,1,0,total,3095
2011-02-02,0,0,total,1341
2011-02-02,0,0,total,1796
2011-02-02,1,0,total,2729
